customer_age,policy_deductible,claim_amount,past_claims_count,incident_hour,fraud_reported
56,1000,83513,4,3,0
69,1000,143746,3,21,0
46,500,55516,3,21,0
32,1000,74212,4,22,0
60,2000,138498,0,16,1
25,2000,135970,3,12,0
38,1000,95009,2,10,0
56,1000,49816,4,2,0
36,500,9138,1,8,0
40,1000,96176,1,5,0
28,500,80945,0,21,0
28,500,9017,2,20,0
41,2000,15451,3,10,0
70,2000,98863,1,15,0
53,2000,15278,0,18,0
57,2000,48764,2,4,0
41,1000,128030,2,13,0
20,2000,137206,0,16,0
39,1000,67943,0,2,1
70,2000,100667,3,3,0
19,1000,59318,0,15,0
41,500,108423,3,15,0
61,1000,108998,3,20,0
47,1000,65128,4,3,0
55,2000,26869,2,18,1
19,1000,10039,2,16,0
38,500,117935,2,12,0
50,500,15442,4,21,0
29,2000,78788,3,22,0
39,500,124729,3,23,0
61,1000,32586,0,0,0
42,500,58053,4,11,1
66,2000,91346,0,3,0
44,1000,72087,4,10,0
59,2000,148697,0,4,0
45,1000,39397,1,1,0
33,500,63671,2,16,1
32,2000,121214,2,7,0
64,2000,71897,3,5,0
68,1000,141355,1,20,0
61,2000,143682,2,8,0
72,1000,19924,3,12,0
69,1000,118143,1,10,0
74,1000,115253,2,15,0
20,1000,105297,0,15,0
54,500,5869,4,1,0
68,1000,102088,1,9,1
24,2000,6014,3,11,0
38,500,15103,1,7,0
26,2000,115317,3,10,0
56,500,87409,1,9,0
35,1000,28248,3,12,0
21,500,13024,2,16,0
42,500,90947,0,6,0
31,2000,96829,2,23,0
67,2000,97708,0,2,0
26,1000,91664,2,19,0
43,500,148927,2,12,0
70,500,90178,1,18,0
19,500,106121,4,6,0
37,1000,25025,3,8,0
45,1000,140530,3,18,0
64,1000,68610,3,12,0
24,1000,75843,0,21,1
61,1000,112237,3,7,0
25,2000,135299,3,21,0
64,500,10668,1,17,0
52,500,78233,2,22,0
31,500,86982,3,1,0
34,500,111133,4,17,0
53,500,15751,3,17,0
67,500,51218,0,10,0
57,500,131649,0,0,1
21,500,12352,0,13,0
19,2000,93835,3,15,1
23,500,102493,1,10,0
71,2000,33927,4,0,0
59,1000,106948,3,6,0
21,500,34493,1,15,0
71,1000,36707,1,13,0
46,1000,143368,3,14,0
35,1000,40842,3,13,0
43,2000,18261,1,20,0
61,1000,81709,1,10,0
51,1000,100985,1,15,0
27,1000,111616,3,18,0
53,500,72173,1,16,1
31,500,36781,0,5,0
48,2000,18652,3,10,0
65,2000,10103,0,16,0
32,500,30500,2,8,0
25,2000,105336,3,17,0
31,500,118499,2,16,0
40,1000,54393,1,11,1
74,1000,52406,1,22,1
57,2000,68059,4,21,0
38,500,87722,1,21,1
33,500,17356,2,4,0
62,2000,133128,1,10,0
35,500,7187,3,3,1
64,1000,82243,1,3,0
70,2000,40098,4,2,1
41,2000,139678,1,23,0
43,500,62620,2,22,0
42,2000,131270,2,16,0
62,500,19387,1,6,1
58,500,74463,2,3,0
46,500,138663,2,22,0
32,500,96683,4,12,0
62,500,67061,3,11,0
18,2000,86257,4,0,0
42,1000,66753,0,20,0
24,1000,89774,4,18,0
26,2000,147159,1,20,0
41,2000,28408,3,19,0
18,1000,129116,1,17,0
61,1000,136208,0,10,0
25,1000,22413,3,19,0
41,1000,118650,2,2,1
28,1000,64500,4,16,0
68,500,89514,1,11,0
34,2000,61358,0,9,0
25,500,71197,2,7,0
52,1000,81240,4,14,0
52,1000,21322,2,4,0
50,1000,118053,4,3,1
22,500,11968,3,20,0
59,500,32518,2,19,0
56,1000,56925,2,18,0
58,500,116900,2,20,0
45,500,98422,3,3,0
24,1000,6700,0,14,0
26,500,98782,4,16,1
25,2000,28199,2,11,0
29,2000,10520,3,2,0
51,2000,114814,0,9,0
50,2000,128364,4,14,1
65,1000,19955,3,9,0
72,1000,149989,4,23,0
40,1000,69925,2,22,0
41,2000,112216,0,17,1
54,2000,75269,3,0,0
52,500,46458,0,2,0
61,500,94037,2,20,0
57,2000,104977,0,11,0
39,2000,48939,0,0,0
44,2000,34345,1,2,0
52,2000,115107,0,2,1
18,500,126866,4,4,0
52,2000,74166,3,18,0
54,500,102406,1,0,0
64,2000,54298,3,3,0
31,2000,49942,3,3,0
20,2000,8453,2,16,0
18,500,107811,2,13,0
22,500,59935,1,17,0
43,1000,127439,2,0,1
72,2000,13328,2,21,0
31,1000,20534,2,15,0
56,1000,90280,3,2,0
44,500,41320,1,22,0
26,500,54170,3,20,0
32,1000,105546,4,8,0
32,2000,85201,3,22,0
43,500,13640,4,3,1
59,2000,141690,0,20,0
30,2000,137992,0,4,1
68,1000,48937,4,10,0
49,1000,148279,4,20,1
56,1000,146871,3,8,0
66,1000,75463,4,2,0
69,500,98500,1,5,0
49,500,42158,0,23,0
21,1000,89607,0,10,1
47,500,124639,4,8,0
54,1000,76696,2,14,0
40,2000,66510,2,22,1
56,2000,125076,4,2,1
62,2000,63692,1,0,0
32,1000,135841,2,19,0
60,2000,20810,4,21,1
46,500,141198,1,18,0
53,2000,116718,1,13,0
30,2000,95932,3,16,0
49,2000,5192,1,21,0
24,500,41413,2,13,0
68,1000,148888,2,16,1
39,500,44082,4,13,1
45,1000,70048,4,11,0
19,1000,128130,1,15,0
59,2000,55940,0,0,0
62,1000,45142,3,12,0
74,500,41468,0,5,0
70,500,146727,1,16,1
23,1000,145431,1,11,0
45,2000,134048,0,22,0
45,2000,47056,3,18,0
61,500,56831,0,5,0
61,2000,64191,4,6,0
37,1000,126948,2,0,1
47,1000,113117,4,0,1
28,500,19671,2,4,1
72,1000,32048,1,5,0
45,500,30963,3,15,1
42,1000,48954,0,15,0
56,500,100430,3,13,0
50,2000,5717,0,0,0
18,1000,16676,4,12,0
74,1000,140506,4,19,1
44,500,123696,0,9,0
74,500,135830,3,23,0
69,1000,9994,0,9,0
30,500,9234,1,8,0
58,1000,74300,4,12,0
20,2000,48949,1,2,0
56,500,42405,4,17,0
23,1000,39872,4,19,0
25,2000,47215,2,1,0
44,2000,28185,1,16,0
26,1000,46153,1,18,0
54,500,82535,2,22,0
50,1000,138653,3,12,1
68,2000,56717,1,12,0
59,1000,7763,0,0,0
61,500,97910,2,1,0
41,2000,60480,1,0,0
32,1000,123094,3,23,0
71,500,16064,1,4,0
49,2000,81848,4,23,0
49,500,42548,0,2,0
41,2000,11476,2,6,0
58,1000,95101,4,23,0
69,500,7382,3,21,0
66,2000,84698,4,12,0
66,500,50095,4,22,0
69,500,134974,3,17,0
29,1000,32197,4,23,0
56,500,132619,2,20,0
19,2000,27010,1,6,0
20,2000,92923,4,0,0
66,2000,138962,2,4,0
54,2000,135526,1,16,0
66,1000,114162,1,7,0
73,500,125927,4,14,0
34,1000,13026,2,19,0
66,500,69925,4,3,0
19,500,73842,3,1,0
19,500,38665,1,4,0
45,1000,14277,4,0,0
71,500,53008,1,4,0
40,1000,19683,2,5,0
54,2000,136742,0,1,1
49,2000,83542,4,0,0
50,500,59319,4,3,0
18,1000,97067,1,6,0
36,2000,73975,2,21,0
19,1000,106158,3,0,0
70,1000,16577,2,0,1
61,500,82299,4,7,0
43,2000,25176,3,19,0
49,500,68972,2,15,0
23,500,125018,0,20,0
49,2000,24996,1,12,0
72,2000,105922,2,22,0
21,1000,91598,2,23,0
72,2000,40931,0,22,0
28,1000,129168,4,17,0
73,1000,128099,1,19,0
34,1000,39693,2,9,0
55,2000,113944,3,11,0
41,500,22374,2,0,1
22,1000,86471,1,9,1
69,500,50913,2,8,0
51,500,128683,0,2,1
23,2000,49516,2,18,1
39,500,92796,2,8,0
28,500,31069,3,9,0
65,2000,123333,0,18,0
33,1000,89811,0,15,0
50,500,123028,2,23,0
26,2000,44178,3,17,0
23,500,37821,2,13,0
33,500,21999,2,2,0
46,1000,43712,1,1,0
20,500,38722,1,0,0
37,2000,15625,3,17,0
53,500,11859,4,23,0
36,1000,115986,1,8,0
43,1000,26839,4,12,0
20,2000,32216,0,1,0
36,1000,57953,1,6,0
37,500,54522,1,15,0
49,1000,140958,3,20,0
24,2000,116249,4,18,0
69,1000,12485,1,14,0
58,1000,117701,1,21,0
50,1000,107638,3,10,0
57,2000,17226,3,0,1
56,1000,98405,4,20,0
35,1000,27588,0,6,0
57,500,42019,0,19,0
18,2000,70133,2,7,1
28,1000,119444,1,9,0
45,2000,122603,4,4,0
74,1000,133585,1,8,0
42,1000,48395,4,0,0
67,1000,130814,4,1,1
40,500,117599,4,18,0
48,500,30939,1,13,0
47,500,5203,3,19,0
59,2000,34063,1,9,0
52,2000,95880,4,8,0
24,500,8748,2,9,0
33,2000,122269,0,5,1
43,1000,85764,4,16,0
65,1000,113036,2,5,0
74,1000,121525,3,3,1
69,500,90679,4,19,0
66,2000,130829,2,2,1
19,500,133216,4,22,0
18,2000,138175,1,18,0
65,1000,70901,2,17,1
29,500,103046,1,23,0
22,2000,95012,1,3,0
54,2000,83278,2,7,0
49,1000,17391,0,16,0
72,500,107476,2,4,0
26,500,125721,0,12,0
58,500,102537,4,0,0
52,1000,86159,4,12,0
36,500,136040,2,3,1
65,1000,40503,4,21,0
33,1000,80403,3,23,0
20,1000,69286,1,13,0
37,2000,79842,1,2,0
41,500,109927,0,4,0
71,500,19908,4,6,0
73,1000,42228,0,0,0
50,1000,28386,1,22,0
41,500,33302,1,11,0
69,1000,65815,4,10,0
28,500,68344,3,23,0
66,2000,116603,3,7,0
25,1000,66114,4,5,0
53,500,30525,4,21,0
55,1000,84818,0,1,0
57,500,119589,4,18,0
37,500,99715,3,19,0
52,1000,11644,4,19,0
65,2000,106154,0,23,0
42,500,48469,0,13,0
52,500,111609,0,0,1
42,500,70206,0,9,0
46,2000,101462,2,15,0
35,2000,88178,4,3,0
63,1000,91724,1,10,0
35,2000,101393,4,15,0
19,1000,132314,2,19,0
71,1000,81312,0,0,0
52,2000,80324,2,15,0
33,1000,76196,3,18,0
58,2000,75014,3,20,0
53,1000,144282,4,21,1
50,2000,146994,4,8,0
21,2000,38340,1,8,0
50,1000,44850,1,8,0
31,500,118711,3,16,1
38,1000,16094,0,11,1
65,2000,92959,2,12,0
37,500,10741,1,7,0
73,1000,116585,1,15,0
25,1000,127564,0,17,0
24,1000,73798,0,0,0
20,500,121026,4,0,1
34,2000,115130,2,11,0
50,1000,27164,0,5,0
65,1000,35257,1,8,0
29,1000,100989,1,22,0
68,1000,141304,3,4,0
39,1000,57691,0,15,0
72,2000,84768,4,17,0
39,2000,19026,2,16,0
63,1000,35908,4,17,0
47,500,24610,1,0,0
55,2000,68185,4,18,0
55,500,77567,1,21,0
62,2000,41182,1,7,0
68,1000,121136,1,2,1
71,2000,136642,1,4,0
25,1000,24288,1,22,0
44,2000,83824,3,7,0
44,1000,89425,4,18,0
51,1000,5917,3,17,0
38,1000,80602,3,17,0
47,1000,69575,0,20,0
50,500,77518,0,0,0
45,1000,44104,0,14,1
64,500,21999,2,17,0
50,500,146013,0,6,0
22,1000,66169,4,15,0
65,500,134744,3,15,1
36,2000,115684,4,14,0
21,1000,64821,0,5,0
52,500,140601,2,8,0
66,1000,17192,2,6,0
34,1000,79102,3,13,0
61,1000,119894,4,10,0
45,500,91795,1,20,0
47,2000,71677,4,15,0
46,2000,140699,0,5,0
63,500,139327,1,21,0
70,1000,141285,2,15,0
23,500,107412,3,19,0
52,500,24404,3,15,0
58,500,121545,2,11,0
54,1000,28989,0,16,0
41,500,113106,2,4,0
46,1000,29519,0,12,0
66,500,27439,1,7,0
63,2000,123570,2,23,0
70,500,19995,0,4,0
48,500,28559,1,11,0
52,2000,94049,2,8,1
50,1000,141093,3,2,1
69,1000,103000,2,2,0
38,500,44350,4,0,0
49,2000,30517,2,21,0
40,1000,94132,4,17,0
50,500,64546,1,23,0
20,2000,110686,2,11,0
35,1000,93151,1,8,0
42,1000,8327,1,8,0
59,2000,125318,0,17,0
48,2000,120945,1,17,0
71,2000,51830,1,6,0
20,2000,57446,2,3,0
57,500,145148,2,12,0
63,2000,74341,3,16,0
41,1000,36085,0,23,0
67,1000,60571,1,1,0
49,500,133308,0,13,0
64,1000,10750,4,2,1
39,1000,118931,1,4,1
40,2000,83768,0,13,1
19,1000,40903,3,2,0
44,500,96036,3,22,0
59,2000,92954,1,6,0
19,2000,88014,4,17,0
43,500,122305,3,12,1
34,2000,37101,3,22,0
57,2000,7775,4,21,1
50,500,116497,0,9,0
26,2000,50619,3,12,1
60,500,62124,2,15,1
71,500,70149,3,8,0
65,1000,31616,0,1,0
56,1000,66799,0,22,0
46,2000,95221,1,4,0
59,2000,119879,2,21,0
72,500,30479,0,16,0
43,2000,104165,4,22,1
52,500,60863,2,21,0
67,500,87569,2,3,0
42,2000,21351,4,16,0
41,500,140203,3,8,0
30,1000,49825,4,19,0
24,2000,16349,4,1,0
74,1000,49254,3,23,0
53,2000,43225,3,17,0
62,500,17453,3,20,0
37,2000,82694,3,21,0
18,1000,20735,3,10,0
25,500,52893,4,12,0
63,2000,132006,1,7,0
33,2000,50066,1,0,1
31,2000,139445,0,16,0
29,1000,146407,1,11,0
68,1000,15692,1,3,0
40,2000,50541,4,20,0
32,500,71983,3,12,1
45,500,125747,3,8,0
51,1000,90103,4,6,0
19,500,30566,1,22,0
49,1000,78193,4,23,0
40,2000,146417,0,4,0
39,1000,126015,3,4,0
68,1000,135956,2,16,0
42,2000,75744,0,8,0
39,500,38455,0,5,0
39,1000,59219,4,18,0
66,1000,50991,1,15,0
69,2000,78616,3,20,0
59,500,92438,2,1,0
23,1000,121841,0,9,0
32,2000,145558,2,15,0
71,1000,63870,1,4,0
60,2000,91694,1,14,0
54,500,48856,2,12,0
50,500,106407,3,12,1
25,500,36379,1,12,0
70,500,69729,2,14,0
61,1000,59353,0,13,0
61,1000,19031,2,7,1
22,500,70982,2,10,0
56,500,41683,4,17,1
21,500,119091,1,23,1
23,1000,122797,3,3,1
62,500,11587,3,9,1
49,500,67790,4,0,0
69,500,36480,3,4,0
47,2000,28569,2,12,0
64,500,16151,4,0,0
52,2000,49739,0,22,0
72,2000,37954,1,7,0
57,500,114373,1,2,1
69,2000,39700,1,2,0
33,500,128728,2,6,0
30,1000,71788,0,3,0
67,1000,76045,4,2,0
59,1000,149972,4,14,0
47,1000,132992,1,7,0
36,2000,85059,0,2,0
34,500,6881,0,6,0
73,500,137702,0,17,0
36,500,25789,3,10,0
45,1000,131083,3,10,1
72,1000,93059,1,16,0
43,500,51151,0,5,1
54,1000,114388,0,7,0
43,500,8262,4,0,0
70,500,71981,4,9,0
40,500,125951,1,18,0
26,500,128099,0,2,1
29,500,86972,1,3,0
70,500,80485,4,10,0
18,500,59722,4,14,0
18,1000,94499,3,0,0
64,500,11901,1,8,0
51,500,122473,1,10,0
49,1000,13597,0,18,0
71,1000,134631,0,12,0
65,1000,68909,3,15,0
42,500,77391,2,3,0
57,2000,144335,2,0,1
62,2000,68293,2,19,0
70,1000,16874,1,12,0
18,2000,91402,1,0,0
33,1000,19079,4,4,0
56,500,77779,1,4,0
22,2000,100408,1,13,0
39,500,145090,1,22,0
46,2000,125606,3,13,0
72,500,125062,1,7,0
20,2000,17100,0,3,0
29,500,62021,0,6,0
43,500,133126,4,19,0
33,2000,97446,3,18,0
68,500,34437,0,14,0
54,500,25862,3,21,0
39,500,16669,3,3,0
74,2000,126219,4,18,1
46,2000,20916,3,8,0
31,500,15878,1,20,0
45,500,7985,3,12,0
22,2000,46235,4,13,0
64,2000,23931,4,22,0
66,500,97876,4,13,0
47,500,5336,0,21,0
63,500,47933,1,9,0
69,1000,50536,0,15,0
22,2000,74504,2,4,0
29,1000,104214,1,22,0
33,2000,118936,3,5,0
43,2000,21279,4,1,0
43,2000,108751,2,12,0
65,2000,109433,1,12,0
38,2000,76386,0,18,0
56,2000,91124,4,17,0
53,2000,110750,0,18,0
50,1000,82485,1,0,0
47,500,79055,1,7,0
54,500,96911,2,21,0
40,1000,103618,3,15,0
27,1000,118892,0,1,1
71,1000,76128,2,7,0
22,1000,57495,4,5,0
53,2000,87806,3,15,0
51,500,98185,2,22,0
69,2000,54649,0,10,1
48,500,100402,1,16,0
27,500,35676,4,22,1
36,1000,69093,0,18,0
49,2000,84414,3,10,0
18,1000,98095,3,7,1
73,2000,77307,1,21,0
22,500,100432,1,3,0
62,1000,36923,4,10,0
21,1000,122449,4,7,0
33,500,52574,1,8,0
41,500,126757,1,1,1
33,500,58664,3,15,0
72,1000,72384,1,5,0
19,2000,36027,2,20,0
66,1000,39485,0,20,0
45,2000,40554,1,18,0
49,1000,51922,4,7,0
44,1000,18409,2,13,0
37,500,41639,4,23,0
41,2000,24692,2,15,0
29,1000,94037,1,11,0
67,1000,23074,0,4,0
52,500,34963,4,23,0
50,500,57265,2,23,1
50,2000,21061,3,18,0
68,1000,118502,1,17,0
60,2000,27800,0,8,0
54,1000,121192,1,1,1
29,2000,112228,3,19,0
20,500,33054,0,11,0
18,1000,18233,3,1,0
50,2000,70727,1,9,0
57,500,95610,2,0,0
27,500,75453,1,3,0
60,2000,109135,1,11,0
61,1000,113464,1,8,0
46,1000,18682,4,3,0
30,500,63160,3,8,0
29,1000,28666,3,5,0
48,1000,63817,3,0,0
63,1000,96198,4,9,0
19,500,46830,2,13,0
68,2000,15234,1,21,0
67,1000,62616,2,17,1
52,500,14221,4,5,0
40,500,147482,3,17,0
34,2000,6051,1,19,0
43,1000,115529,0,15,0
25,1000,81918,0,14,0
46,2000,83116,2,15,0
43,2000,127226,3,7,0
27,500,49757,0,12,0
43,500,126008,2,22,0
51,2000,136379,4,10,0
68,1000,61889,2,6,0
58,500,40944,2,16,0
24,500,104555,2,17,0
21,1000,43134,1,21,0
70,500,30954,2,22,0
67,1000,94959,2,18,0
62,1000,9992,1,12,0
28,1000,6961,1,14,0
46,2000,17497,4,22,0
73,2000,18255,3,21,1
53,2000,140639,0,21,0
42,1000,53847,0,0,0
38,1000,25389,2,15,0
74,2000,128802,4,4,0
53,500,66576,2,2,0
27,1000,48919,0,22,0
54,500,8358,1,9,0
26,500,93535,3,18,0
41,1000,110982,4,4,0
52,1000,10698,1,6,0
66,500,71809,3,13,0
52,500,98079,4,2,0
65,2000,60805,4,12,0
53,2000,80033,0,12,1
35,1000,103239,1,9,0
66,2000,135407,4,1,1
56,2000,49041,4,5,0
49,2000,36954,3,7,0
41,2000,13002,0,3,0
40,500,74783,2,11,0
49,1000,112524,0,14,0
54,2000,129857,2,7,0
29,500,24738,1,6,0
66,500,15703,1,13,0
72,500,118776,4,22,0
30,2000,148464,1,18,0
40,2000,49724,4,13,0
42,1000,37299,0,21,0
52,2000,20641,1,12,0
58,2000,84534,0,20,0
47,500,11305,0,0,0
34,1000,23782,1,18,0
66,2000,83257,0,0,0
37,2000,82963,1,3,0
65,500,126987,1,9,0
42,500,129591,1,2,1
39,2000,72766,2,19,0
30,1000,11511,0,8,0
36,1000,119816,3,2,1
66,500,9765,1,5,0
53,500,28929,0,5,0
29,2000,116576,4,22,0
58,500,76088,1,11,0
36,2000,82525,1,22,0
29,1000,18780,3,0,0
26,1000,11589,2,15,0
24,2000,98664,2,23,0
45,500,109188,1,4,0
31,1000,98326,0,8,1
48,500,45953,4,9,0
69,1000,70785,4,12,0
36,2000,24309,0,14,0
64,2000,59195,1,11,0
33,2000,30901,4,4,0
70,1000,30464,2,4,0
22,500,21260,0,17,0
52,500,129997,3,11,0
29,500,40440,1,2,0
42,1000,100082,0,6,0
69,1000,110583,4,16,0
38,1000,61683,1,18,0
53,1000,129206,2,17,0
70,1000,138059,1,0,1
40,500,83484,1,23,0
33,1000,149098,2,4,0
74,1000,73309,2,1,0
56,500,50927,1,0,0
62,1000,47946,2,6,0
70,500,131503,0,10,0
59,500,146449,2,10,0
56,2000,58592,2,17,0
31,2000,143419,1,16,0
48,2000,38776,0,1,1
22,2000,139855,3,6,0
52,1000,60798,3,6,0
40,2000,140370,4,9,0
46,500,75204,2,21,0
60,1000,91207,2,20,0
28,2000,105356,0,2,0
35,500,65652,3,11,0
64,1000,134572,4,2,1
29,1000,25922,0,10,0
26,2000,81996,2,11,0
27,1000,35266,3,3,1
61,500,7866,4,15,0
34,1000,117669,1,19,1
55,500,10898,3,17,1
24,1000,23395,4,3,1
63,2000,9006,0,21,0
30,500,15956,1,5,0
57,1000,142150,4,20,0
59,1000,100676,4,14,1
26,1000,126724,2,0,1
67,500,67901,3,2,0
44,500,112227,2,4,0
19,500,122192,1,21,0
22,2000,36417,4,16,0
46,2000,93020,2,13,0
54,500,88639,3,8,0
55,1000,99881,1,2,0
36,2000,137659,0,12,1
25,500,126688,2,2,1
65,1000,120584,1,10,0
62,2000,91567,0,1,0
18,1000,80886,2,23,0
39,1000,34432,1,14,0
69,1000,77373,1,12,1
34,1000,25884,2,18,0
24,2000,10454,1,21,0
42,2000,79960,4,15,0
62,2000,107421,2,17,0
21,500,48618,1,6,0
53,2000,52111,0,12,0
23,1000,125592,0,3,1
48,2000,64993,4,8,0
36,1000,133652,2,9,0
61,500,144920,1,8,0
71,1000,83672,1,6,0
56,1000,71125,0,14,0
44,1000,122509,4,7,1
27,500,66602,0,18,0
43,2000,47222,0,10,0
36,2000,54223,4,4,1
56,500,70333,2,1,0
20,1000,127650,1,9,0
62,2000,54420,2,15,0
30,500,80504,3,22,0
67,2000,7462,3,12,0
45,500,14460,3,7,0
37,1000,104319,4,8,0
45,2000,145347,0,10,0
25,500,149341,2,10,1
58,2000,134593,1,22,0
56,2000,127672,3,15,0
18,2000,77920,2,9,0
20,2000,27553,3,23,0
30,500,49036,3,11,0
45,1000,147867,1,5,1
74,500,75021,4,11,0
66,500,112205,0,9,0
42,500,93209,4,17,0
73,1000,80139,2,17,0
50,2000,10368,4,3,0
55,2000,140693,2,8,0
70,2000,63829,2,6,0
23,1000,134036,0,17,0
61,2000,19719,1,7,0
62,1000,34227,0,10,0
49,2000,114430,4,6,0
62,2000,143638,2,8,0
64,500,17306,3,7,0
38,1000,58822,3,2,0
33,500,29042,2,16,0
71,500,94424,0,1,0
38,500,23019,1,14,1
28,1000,80426,0,13,0
54,1000,45863,2,17,1
53,2000,116023,2,15,0
52,500,146355,1,19,0
36,2000,51999,4,21,1
37,500,67780,4,3,0
74,1000,27908,1,19,0
35,1000,131278,4,5,0
64,1000,118002,3,5,0
58,500,105706,4,10,1
66,1000,127019,4,16,0
31,500,114708,4,23,0
32,2000,14343,3,2,0
48,500,81173,4,12,0
18,2000,105260,3,21,0
70,500,74443,1,2,0
71,2000,62530,0,15,0
71,1000,140899,1,14,0
20,2000,101143,0,10,0
33,1000,149771,1,17,1
40,1000,119527,0,14,0
74,2000,141385,0,4,0
28,500,149670,2,15,0
29,500,116362,0,15,0
27,500,33807,0,16,0
49,500,64550,2,8,0
33,500,8558,4,22,0
25,1000,55113,4,2,0
55,500,57999,2,19,0
29,1000,63219,3,12,0
41,1000,58218,0,21,1
45,1000,24229,0,2,0
70,2000,80209,2,6,0
25,2000,32877,2,5,0
45,1000,102137,3,8,0
53,2000,43084,4,11,0
43,500,86780,1,14,1
25,500,42034,4,20,0
67,1000,60468,0,19,0
45,500,15589,2,2,0
45,1000,62221,3,9,0
54,1000,6657,4,0,0
58,500,103300,3,18,0
53,2000,122229,4,18,0
44,500,44531,0,22,0
71,500,57227,1,22,0
34,1000,8164,3,12,0
26,1000,98078,3,11,0
50,1000,46247,1,0,0
70,1000,55599,3,18,0
37,2000,140624,3,23,0
30,2000,145489,4,15,1
45,2000,73207,4,22,0
65,1000,77055,1,22,0
46,1000,107266,0,14,1
30,1000,83270,3,15,0
63,2000,116426,0,10,0
52,1000,139794,1,23,0
23,500,75442,1,5,0
35,500,100632,4,10,0
68,1000,26438,3,2,0
22,500,63819,2,14,0
64,500,48856,1,0,0
42,2000,46938,3,6,0
19,1000,64807,0,0,0
27,1000,54877,4,16,0
73,2000,48461,0,8,0
47,500,98474,1,22,0
67,500,88136,1,12,0
62,1000,25435,0,10,0
22,500,89726,1,19,0
72,2000,59786,3,5,0
73,2000,18704,1,0,1
50,1000,61635,4,6,0
71,2000,138195,3,11,0
18,2000,95710,2,21,0
35,1000,67993,1,19,0
49,2000,117752,1,22,0
64,2000,137886,4,18,0
66,2000,83537,4,16,1
28,500,55258,0,3,0
38,1000,90166,0,2,0
43,1000,118710,0,0,1
42,1000,40699,4,17,1
39,500,51335,0,20,0
44,500,51806,0,14,0
66,1000,82853,2,7,0
30,500,40739,0,0,0
50,1000,39785,1,19,0
51,500,90016,4,13,0
58,2000,137681,3,3,1
52,2000,71253,2,4,0
18,1000,96128,4,22,0
38,500,132581,4,12,0
65,500,115966,1,23,0
72,2000,142854,0,14,1
23,2000,104352,1,5,0
45,500,82154,0,0,1
34,500,144379,0,22,0
22,500,113297,4,18,0
48,500,43346,0,12,0
22,500,117138,2,5,0
55,500,55772,2,14,0
20,1000,45149,2,15,0
70,500,91700,4,23,0
40,2000,101758,1,22,0
54,1000,133447,3,15,0
70,500,10695,0,9,0
54,2000,44169,3,21,1
27,1000,52947,1,8,0
27,2000,50865,1,8,0
36,500,109501,4,16,0
34,500,65410,2,16,0
38,500,108754,2,16,0
31,500,95895,1,23,0
26,1000,55705,4,11,0
63,1000,120700,4,12,0
18,2000,78914,0,11,0
68,500,6881,2,13,0
62,2000,52365,1,9,0
30,1000,84211,3,22,0
21,500,46198,2,18,0
18,500,105649,0,1,0
66,1000,141949,4,3,1
57,1000,44553,1,18,0
49,1000,140994,2,6,0
51,1000,127778,3,14,0
45,1000,122018,0,14,0
48,500,140758,0,23,0
25,1000,37766,2,5,0
56,500,37006,3,2,0
43,500,36422,0,5,0
51,1000,121590,1,15,0
71,1000,17205,0,1,0
71,500,121477,3,6,0
20,1000,33202,4,10,0
67,1000,66692,4,6,0
29,1000,25855,2,3,0
18,2000,30095,3,23,0
71,500,54241,0,19,1
61,2000,108119,0,6,1
22,1000,57003,4,3,0
47,2000,99837,4,11,0
47,1000,99283,1,4,0
74,2000,128805,4,22,0
34,1000,98846,1,18,0
65,2000,27927,0,4,1
64,2000,125589,1,18,0
40,2000,120657,1,20,0
32,500,71630,2,2,0
54,2000,109428,4,10,0
38,500,127035,1,6,1
31,1000,131244,0,16,0
19,2000,74518,3,8,0
28,1000,86326,1,20,0
68,1000,148277,4,8,0
56,2000,125243,2,9,0
55,500,17748,0,12,0
51,2000,139164,2,14,0
55,1000,58311,3,21,0
67,1000,27692,1,4,0
51,2000,129954,1,2,1
35,500,135035,4,7,0
47,500,84507,1,19,0
32,1000,85152,0,9,1
44,1000,9926,3,12,1
68,500,8969,2,2,0
51,2000,40733,3,21,0
69,1000,74855,1,7,0
74,500,46743,2,8,0
55,1000,135193,4,21,0
50,2000,112445,3,20,0
41,500,25323,2,11,0
32,1000,21428,2,10,0
47,2000,39578,2,1,0
72,1000,91486,0,17,0
59,2000,69140,3,8,0
68,2000,112325,2,1,1
34,500,88829,3,1,1
22,2000,11364,2,2,0
46,1000,133867,4,15,1
21,2000,136763,4,18,0
27,2000,100598,4,3,0
73,500,62062,1,22,0
34,2000,149933,2,17,0
27,2000,93302,1,19,0
34,1000,68928,3,17,0
37,500,46347,1,9,0
41,500,8121,3,10,0
22,500,88793,3,16,0
51,2000,33164,3,23,1
23,500,30491,1,22,0
70,2000,64222,2,23,0
19,2000,8748,1,19,0
30,1000,31553,2,15,1
60,1000,121547,2,19,1
60,1000,65380,3,12,0
65,1000,49331,1,1,0
28,1000,125617,2,23,0
68,2000,44560,4,1,1
64,2000,58865,2,13,0
74,500,80910,4,3,1
40,2000,140747,1,16,0
72,2000,82986,1,12,0
33,1000,15068,1,3,1
48,2000,59460,2,2,0
28,1000,105766,0,11,0
71,500,51418,2,21,0
33,500,31206,2,22,1
25,2000,133180,3,7,0
21,500,5287,3,1,0
57,2000,27337,2,5,0
21,500,137233,4,21,0
73,1000,105667,3,9,0
42,1000,95071,2,11,0
20,1000,103064,0,20,0
49,1000,111511,4,9,0
20,2000,8178,1,9,1
44,500,36831,2,22,0
46,2000,138248,2,2,1
49,1000,108306,4,19,1
67,2000,117025,3,9,0
68,500,95417,3,8,0
36,2000,16984,3,19,0
38,500,94312,1,18,0
22,2000,88291,4,13,0
35,500,12135,4,1,0
45,500,5320,3,4,0
59,1000,93774,3,19,0
39,500,103071,0,7,0
38,1000,146842,0,6,0
23,1000,114863,2,5,0
18,1000,46777,2,10,0
22,2000,51250,4,11,0
58,2000,78034,4,17,0
29,2000,109940,1,18,0
43,2000,45130,1,9,0
63,500,138609,0,20,1
51,500,20216,2,13,1
66,2000,89149,0,2,0
31,500,8009,0,17,0
43,500,94904,2,23,0
62,1000,20029,1,14,1
44,1000,107171,2,5,0
26,1000,119456,3,9,0
43,1000,67559,3,11,0
74,500,69892,3,6,0
64,2000,75409,4,16,1
74,500,144707,1,0,1
39,500,38065,1,17,0
64,500,125544,4,14,0
73,1000,112340,0,18,0
47,1000,38783,3,0,0
60,1000,39152,3,4,0
65,2000,63741,0,14,0
34,500,112049,2,2,1
43,2000,34092,2,0,0
53,1000,91483,1,7,0
18,2000,126585,4,11,0
25,500,64754,1,21,0
66,500,92592,2,18,0
52,1000,99543,0,11,0
69,1000,48169,1,12,0
32,2000,59745,3,0,0
64,1000,115168,3,18,0
73,1000,118985,0,5,0
39,500,10543,2,7,0
31,1000,26067,3,3,0
43,1000,56033,3,4,1
45,500,50256,4,21,0
40,500,91803,1,6,1
31,2000,123843,2,22,0
41,1000,33992,1,3,0
19,500,53803,2,19,0
62,2000,114975,3,3,1
43,2000,149282,4,14,0
31,1000,31270,1,20,0
73,1000,141269,3,4,0
68,2000,12452,2,23,0
24,500,46486,1,8,0
20,2000,19859,1,1,0
64,1000,37083,3,6,0
40,500,72708,1,16,0
63,500,116462,4,15,0
60,2000,98076,4,16,0
64,1000,24053,3,19,0
62,2000,147157,2,22,0
35,2000,94745,3,1,0
55,2000,74517,4,10,0
52,500,141319,0,1,1
68,500,146625,0,0,1
32,1000,142207,1,1,1
42,1000,141645,1,22,0
72,2000,84267,0,8,0
54,2000,143261,4,21,0
45,2000,85077,1,1,0
27,1000,81623,3,14,0
56,500,136004,3,9,0
74,500,58687,4,14,1
34,2000,73312,1,9,0
56,2000,112615,3,22,0
39,2000,135976,1,16,0
43,2000,32564,1,8,0
61,1000,33835,3,17,0
42,500,12697,0,3,0
34,2000,85165,3,8,0
30,1000,62823,4,15,0
37,2000,14615,2,3,0
42,2000,141132,3,15,0
21,500,135499,1,18,0
27,2000,81436,1,0,1
20,500,125562,3,22,0
58,500,76117,2,5,0
62,500,39782,3,9,0
35,1000,83533,2,15,0
64,1000,77684,2,3,0
53,500,84558,4,21,0
64,2000,86422,1,21,0
39,500,11638,1,12,1
51,2000,42419,2,15,0
64,500,38377,1,19,0
25,2000,111244,0,5,0
57,1000,28382,2,10,0
66,2000,72789,1,23,0
61,500,115634,0,2,1
36,1000,136936,4,19,0
59,2000,104572,1,9,1
58,2000,149738,0,0,1
54,2000,128664,3,19,0
23,2000,115674,3,10,0
69,2000,108533,0,11,0
43,1000,86845,2,13,0
51,1000,74590,2,7,1
73,1000,132775,1,10,0
62,1000,71471,3,3,0
23,500,48298,2,6,0
54,1000,53924,2,9,0
74,2000,14726,3,18,0
50,2000,45542,4,3,0
70,1000,39753,2,1,0
39,2000,84788,0,20,0
38,1000,26316,1,17,0
23,2000,89698,2,13,0
23,500,20960,2,15,0
72,500,35791,4,21,0
65,1000,30216,0,10,0
21,1000,69427,1,9,0
47,1000,117470,2,16,0
28,2000,78290,1,13,0
47,1000,52014,3,21,0
48,500,140150,2,3,1
41,2000,55519,2,18,0
72,1000,9042,3,1,0
26,2000,54052,4,6,0
72,2000,19389,2,8,0
20,1000,100961,1,18,0
68,2000,73111,0,15,0
48,500,110058,1,21,0
57,500,98715,4,15,0
54,2000,55733,0,17,0
53,1000,39754,1,22,0
41,2000,90886,1,20,1
48,500,94524,3,20,0
23,2000,86006,4,10,1
19,2000,29704,3,6,0
37,500,99913,0,8,0
45,2000,99108,3,3,0
28,2000,12493,4,12,0
21,1000,74639,2,3,0
32,1000,59383,2,18,0
23,500,139066,0,1,1
71,500,52234,2,8,0
66,500,133674,3,11,0
47,1000,10594,0,1,0
73,500,12371,4,5,0
55,500,52315,0,4,0
68,500,132251,0,4,0
74,1000,84526,1,19,0
19,2000,91005,1,21,1
32,500,110573,0,4,0
28,2000,143202,2,3,1
25,500,142900,1,8,0
43,2000,62514,4,21,1
68,1000,80986,3,9,0
62,1000,90959,1,15,0
61,500,7035,0,9,0
22,2000,114767,2,9,0
23,1000,22241,3,18,0
43,500,57975,1,9,0
71,500,61396,2,5,0
21,1000,123920,2,16,1
36,1000,149403,2,4,0
37,500,91226,0,5,0
50,2000,89719,4,23,0
37,2000,68014,2,14,0
66,2000,44346,3,18,0
29,500,75411,1,17,0
64,1000,148326,3,3,1
18,500,81441,0,7,0
43,1000,51121,0,15,0
31,2000,65197,3,23,0
55,2000,89577,4,18,0
54,1000,99634,0,19,0
28,1000,105211,0,2,0
53,500,140909,3,9,0
30,2000,148687,0,1,1
60,500,6466,4,3,0
20,500,35771,4,5,0
50,500,88886,4,10,0
23,2000,70911,1,13,0
67,500,93422,4,15,0
73,500,78369,4,20,0
27,500,6893,1,18,0
22,500,35573,2,1,1
40,500,101907,0,16,0
27,500,104956,4,8,0
61,2000,123580,0,16,1
19,500,96404,3,14,0
30,1000,62724,0,6,0
57,500,91133,1,21,0
19,500,20989,0,22,0
37,2000,33931,0,18,0
18,2000,14290,0,2,1
54,1000,126136,2,0,1
26,1000,84878,2,3,0
34,2000,95477,3,17,0
26,2000,131299,1,7,0
28,500,110686,0,18,0
32,2000,112286,0,22,0
41,1000,45475,0,22,0
55,500,87666,0,5,0
72,1000,101622,2,0,1
52,500,140705,3,7,0
47,2000,112573,4,0,1
48,1000,51546,1,18,0
66,500,12008,0,10,0
22,500,53291,3,20,0
61,2000,41386,4,23,0
67,2000,95909,3,14,0
31,2000,38040,2,22,0
70,1000,65354,4,10,1
73,500,83543,3,18,0
28,2000,23157,2,20,1
26,1000,40315,3,9,0
51,1000,40932,3,23,0
29,1000,118880,4,11,0
52,2000,137018,2,0,1
52,2000,19693,0,23,0
18,500,32241,1,6,0
57,500,120194,4,16,0
39,2000,100790,2,9,1
46,1000,77255,3,5,0
25,1000,16350,2,16,0
28,1000,61809,1,17,0
58,500,106894,1,4,0
54,1000,102557,0,17,0
31,500,36728,0,16,0
47,500,22576,1,21,0
52,1000,88384,4,15,0
38,1000,5390,4,7,0
54,2000,50436,3,23,0
22,2000,16569,0,12,0
36,1000,149101,3,23,0
31,500,27490,0,15,1
43,500,50875,1,10,0
21,500,10867,4,5,0
42,500,85820,4,2,0
62,500,104515,1,0,0
59,2000,14121,3,17,1
42,1000,6539,3,4,0
35,2000,132402,2,12,0
57,500,79229,0,9,1
25,500,144993,3,4,0
56,500,55435,1,13,0
57,500,146382,3,16,1
31,1000,68965,4,0,0
49,500,116048,0,1,1
68,1000,101444,2,6,0
55,500,74922,0,9,1
50,1000,102799,4,19,0
40,2000,98948,4,6,1
32,500,148314,4,23,0
50,1000,13947,4,15,0
42,2000,53785,1,4,0
34,500,124963,2,11,0
50,500,5507,4,16,0
64,500,16618,4,15,0
72,1000,79286,3,19,0
19,1000,21122,2,15,0
31,2000,143426,0,18,0
70,1000,114598,2,14,1
57,1000,91436,2,11,0
57,500,141109,2,20,0
68,500,33633,4,9,0
56,500,29495,4,21,0
68,500,69550,1,1,0
23,500,41483,0,6,0
23,500,118181,3,12,0
20,500,39069,2,2,0
24,2000,143442,0,14,0
68,2000,124873,0,0,1
25,2000,121843,1,2,1
59,2000,76947,3,9,0
69,500,100761,2,14,0
32,2000,118753,3,21,0
64,500,136764,1,5,0
46,2000,33926,4,19,0
50,1000,104782,0,14,0
69,2000,109700,2,23,0
47,2000,78984,4,20,0
56,500,54593,1,6,0
44,2000,80609,3,20,0
53,1000,10209,0,4,1
46,500,131700,2,3,1
55,500,142605,4,21,0
74,2000,91597,4,17,1
50,500,12211,0,2,0
54,500,14927,3,16,0
44,500,122333,1,17,0
72,500,81382,3,17,0
50,500,144005,3,23,0
21,500,108780,3,23,0
39,1000,45696,0,1,0
19,2000,72616,0,12,0
27,1000,142161,1,21,0
22,500,143869,3,14,0
27,500,55013,0,4,0
50,2000,144418,1,2,1
71,1000,54556,1,4,1
55,2000,128723,3,4,1
30,1000,31140,2,4,1
48,500,6184,3,2,0
64,2000,116361,2,2,1
53,2000,10606,1,19,0
62,500,140028,0,22,0
41,2000,21555,4,17,0
69,1000,95385,1,19,0
73,1000,63502,0,3,0
32,1000,108844,1,0,0
46,1000,96321,3,15,1
25,500,54056,2,7,0
22,2000,103234,1,16,0
46,1000,46850,0,7,1
64,500,32843,3,6,0
21,2000,67320,4,7,0
29,2000,34793,3,20,0
62,500,24627,2,23,0
19,500,66822,3,11,0
44,1000,60798,4,15,0
48,2000,80318,0,11,0
68,2000,109186,1,18,0
68,500,92902,2,9,0
53,2000,76334,4,6,1
53,1000,111719,2,11,0
43,2000,128099,3,19,0
60,500,17720,2,4,1
44,500,62608,4,15,0
22,1000,112449,1,8,1
37,1000,107828,1,6,1
28,2000,131613,2,19,0
27,2000,77095,0,21,0
57,500,110924,2,13,0
55,1000,101452,3,10,0
23,1000,92593,1,6,0
25,1000,111975,1,9,0
40,2000,82242,1,8,0
64,1000,121041,0,3,1
43,500,131202,0,15,0
63,500,82606,4,9,0
60,2000,128769,2,18,0
29,2000,123542,2,23,0
43,1000,111438,3,16,0
30,2000,5924,1,8,1
57,500,56322,0,12,0
35,1000,76042,3,0,0
42,500,51418,3,1,0
50,1000,105699,0,12,0
64,2000,95140,2,23,0
57,1000,16781,1,8,0
60,1000,141587,2,6,0
29,500,122358,3,15,0
61,500,41133,1,18,0
53,1000,102628,4,6,1
65,2000,81946,3,5,0
21,2000,90058,2,17,0
22,500,145167,2,18,0
73,2000,48129,2,10,0
54,500,13531,0,11,0
25,2000,42038,3,9,0
59,1000,92939,1,12,0
66,500,47674,2,11,0
45,500,132572,2,20,0
48,1000,34831,0,9,0
26,500,62174,1,19,0
71,2000,16279,3,17,0
68,2000,65610,4,3,0
46,500,58051,0,23,0
31,2000,61652,3,4,0
57,500,70524,4,4,0
58,1000,11470,2,11,0
39,500,58473,2,2,0
28,1000,49439,1,7,0
40,2000,19308,4,21,1
18,1000,96563,2,1,0
63,2000,40081,2,17,0
54,500,14837,1,8,0
38,2000,123128,3,12,0
43,500,117651,2,6,0
63,500,102624,0,9,0
53,1000,35063,0,8,0
71,1000,74453,3,21,0
40,1000,107166,4,14,1
74,1000,19506,1,4,0
18,2000,118604,0,11,0
71,2000,31026,0,0,0
72,2000,57413,3,11,0
68,500,70066,4,21,0
57,2000,55971,4,5,1
32,2000,118978,3,18,0
38,2000,55494,0,18,1
64,1000,108864,1,15,0
26,2000,137151,0,18,1
70,500,100386,4,2,0
26,1000,91126,0,22,0
27,500,85863,1,9,0
69,2000,83291,2,17,0
74,1000,130659,0,12,0
70,500,12235,3,17,0
43,2000,87733,2,2,0
58,500,67712,3,22,0
52,500,130849,3,2,1
69,500,84823,3,22,1
42,2000,109215,0,11,0
43,2000,37230,4,19,0
28,500,89573,2,6,0
55,1000,45644,1,23,0
19,1000,50203,4,7,0
24,2000,71677,0,8,0
35,2000,128246,3,13,0
44,2000,89817,1,4,0
51,2000,74806,2,20,0
44,2000,47814,4,18,0
34,1000,75219,4,20,0
60,2000,100345,1,15,0
61,500,105088,0,23,0
68,500,74322,2,11,0
71,1000,26650,1,20,0
41,500,99242,3,3,0
42,1000,145262,2,7,0
24,1000,43196,4,6,0
69,500,34709,1,14,0
23,2000,85428,4,5,0
70,500,14943,4,4,0
41,500,26042,4,13,0
50,1000,48894,0,20,0
66,500,142941,4,12,1
46,1000,61759,3,9,0
60,2000,110973,3,17,0
39,2000,49306,2,3,0
43,2000,113369,4,7,0
45,500,33379,4,23,0
67,1000,125667,1,10,0
38,2000,139034,0,16,0
66,1000,149923,2,17,0
24,1000,122626,4,20,0
34,2000,130180,1,10,0
37,2000,57349,0,15,0
58,1000,10730,2,11,0
66,2000,149993,2,12,0
37,1000,24023,4,15,0
71,1000,131796,2,22,0
39,2000,86533,1,20,0
45,500,88286,2,0,0
57,2000,46979,3,15,0
66,500,27837,1,14,0
24,1000,109975,0,5,0
18,1000,25923,0,11,0
49,500,13876,4,7,0
30,1000,65973,4,6,0
47,500,138959,3,1,1
40,500,47422,0,11,0
68,1000,56413,0,20,0
73,500,107484,0,13,0
36,2000,138913,0,15,0
49,2000,33756,2,10,0
47,1000,76576,1,19,0
46,1000,123248,1,8,0
66,500,15304,3,9,0
62,500,35341,2,16,0
46,500,140830,0,11,0
47,500,132039,0,5,0
33,2000,137447,4,18,0
57,2000,104485,4,10,0
36,1000,27092,3,8,0
35,500,136562,0,20,0
18,500,8729,3,5,0
31,1000,142046,2,23,1
68,500,123222,1,15,0
64,500,90216,0,19,0
67,500,88860,2,15,0
19,500,101870,0,5,1
71,500,26398,4,4,0
45,1000,39650,3,20,0
66,500,108889,4,3,0
67,1000,8159,1,1,0
47,500,103162,4,5,0
55,2000,107834,0,8,0
68,2000,26638,4,16,0
21,2000,6073,0,13,0
18,2000,34320,1,6,0
25,1000,39924,4,21,0
46,1000,73116,3,18,0
72,500,7159,3,0,1
56,2000,53940,3,19,0
20,1000,84436,4,14,1
49,500,19678,4,17,0
27,500,148093,4,2,1
27,1000,142844,0,17,0
36,2000,72163,1,1,0
63,500,56137,3,9,0
51,2000,66497,0,10,0
50,2000,105485,3,23,0
40,2000,110468,0,2,1
72,500,5901,4,6,0
45,2000,92980,3,7,0
49,500,112594,4,18,0
67,2000,7881,3,17,0
24,500,34863,2,12,1
46,2000,141694,0,12,0
25,1000,137450,2,23,1
18,2000,50201,0,18,0
74,2000,64251,1,22,0
72,500,77572,3,11,0
20,500,44255,1,16,0
41,2000,68212,1,21,0
40,1000,55210,0,11,0
25,1000,130629,2,12,1
71,500,27499,4,11,0
74,1000,107552,0,18,0
64,2000,66360,4,13,0
54,500,140675,1,6,0
20,2000,132466,4,12,0
68,500,90473,2,5,1
50,500,148704,0,23,1
45,500,96873,2,18,1
64,500,70756,2,18,1
25,1000,61344,0,3,0
51,2000,143421,2,18,0
52,2000,76154,3,8,0
49,2000,32464,3,15,1
41,500,126897,3,3,1
31,1000,42344,4,5,0
49,2000,88791,2,7,0
73,1000,137534,0,23,0
63,500,125209,0,15,0
60,2000,86441,4,4,1
33,1000,95456,0,20,0
21,500,86788,3,21,0
69,1000,19175,2,9,0
54,2000,142263,0,22,0
71,2000,88434,0,12,0
38,500,89518,1,13,0
31,500,71537,1,6,0
48,500,120721,1,19,0
72,1000,52645,2,5,0
65,1000,28283,3,6,0
35,1000,91971,3,4,0
24,500,97759,3,20,0
27,2000,107780,2,17,0
24,2000,35734,2,22,0
50,1000,5515,1,11,0
40,1000,115782,0,5,1
38,2000,71727,4,0,0
36,2000,114164,4,3,1
65,1000,51216,0,18,0
36,1000,76833,1,11,0
53,2000,63755,0,14,0
46,500,32856,0,2,0
35,1000,78870,4,22,0
19,2000,142080,1,19,0
18,2000,12987,2,7,0
64,2000,101502,4,10,0
22,2000,139404,2,15,0
37,500,71323,1,8,0
28,2000,14873,0,2,1
59,1000,110219,3,4,0
19,500,10033,3,19,0
20,2000,78324,1,13,0
40,500,20689,3,14,0
72,1000,114756,2,5,0
29,2000,5066,3,3,0
37,1000,119159,1,7,1
22,2000,12533,1,18,1
54,2000,120828,2,4,0
55,2000,64658,3,12,0
47,2000,43498,3,15,0
26,2000,114028,0,0,1
51,500,16772,4,12,0
70,2000,94385,1,21,0
61,2000,17940,0,10,0
52,500,123027,1,20,0
69,500,21932,0,7,0
39,500,29648,4,7,0
61,500,37966,0,23,1
41,500,47598,1,13,0
34,500,149870,3,12,0
27,2000,66084,1,2,0
47,2000,136250,2,3,1
73,1000,22118,2,19,0
63,2000,27616,2,14,1
40,2000,136870,2,14,0
49,500,12601,4,20,1
34,500,30363,3,12,0
67,2000,7795,3,8,0
68,1000,102462,1,9,1
34,500,107892,0,11,0
31,2000,77833,1,13,1
26,2000,8084,1,0,0
57,1000,100865,1,13,1
19,1000,5731,1,13,0
62,500,137201,3,7,0
42,1000,6605,0,15,0
56,2000,82506,1,13,0
26,2000,49130,3,0,1
71,1000,73469,1,15,0
39,1000,95436,2,17,0
60,1000,117341,1,6,0
63,1000,136965,1,14,0
21,500,104694,4,23,0
43,1000,24773,2,16,0
46,500,9239,0,18,1
62,2000,25863,1,22,0
51,1000,56415,0,12,0
40,500,73968,2,8,0
54,1000,65430,1,23,0
28,2000,6515,4,23,0
23,2000,102206,3,14,0
35,2000,61240,4,2,0
38,1000,10586,4,23,1
59,1000,125419,3,0,1
53,500,127374,3,15,0
58,2000,36186,3,7,0
55,1000,31928,1,22,0
51,2000,127990,0,12,0
34,2000,92029,0,7,0
54,500,25711,3,16,0
42,500,59962,4,21,0
55,500,25039,2,22,0
29,500,41561,3,13,0
40,2000,6577,4,20,1
70,500,112792,4,20,0
59,500,15785,1,6,0
39,500,77227,1,14,0
38,500,123680,0,15,0
44,2000,66957,0,18,0
74,500,70431,2,5,0
48,2000,76894,2,22,0
23,1000,60192,2,0,0
44,2000,6462,2,11,0
57,2000,133848,4,17,0
51,500,81106,4,15,1
29,1000,53665,0,11,0
62,1000,86010,1,19,1
74,1000,77573,1,12,0
70,1000,112803,3,7,1
24,2000,124682,4,21,0
27,1000,18386,2,0,0
62,2000,129069,2,20,0
34,2000,59460,3,6,0
43,2000,142293,1,14,0
38,1000,120375,2,21,0
45,500,117660,1,12,1
63,500,96319,3,12,0
19,1000,121582,1,8,0
71,500,140994,1,23,0
60,500,47771,1,14,0
18,2000,57335,2,3,0
68,2000,57949,0,12,0
70,1000,100558,4,11,0
53,1000,107272,1,4,0
68,500,7716,1,6,1
43,2000,76916,1,7,0
46,1000,55906,0,4,1
38,1000,5463,3,8,0
28,1000,79694,2,13,0
57,1000,73694,0,11,0
28,1000,25008,1,3,0
53,1000,75474,0,19,0
66,500,43185,0,7,0
56,2000,92924,0,16,0
57,2000,39980,3,7,0
52,1000,27504,4,20,1
71,2000,59970,2,0,0
51,2000,21766,3,19,0
72,2000,121944,3,1,1
64,1000,98922,4,3,0
41,1000,147767,3,23,0
71,2000,125494,0,20,0
39,2000,13802,0,0,0
22,1000,39159,1,6,0
73,500,16516,3,0,0
50,2000,55492,1,8,0
53,500,34086,2,2,0
64,2000,118758,0,11,0
37,500,35480,2,18,0
36,500,133023,4,14,0
52,500,115195,0,21,0
69,1000,43737,2,15,0
60,500,14265,4,9,0
34,500,119165,2,21,0
62,500,124501,4,5,0
60,2000,75990,4,16,0
51,500,20386,0,20,0
26,2000,109718,1,21,0
43,500,42425,4,23,0
19,500,126635,4,16,0
70,1000,58634,0,20,0
26,2000,91988,1,18,0
26,500,111337,3,17,0
57,2000,146215,3,10,0
34,2000,72443,1,23,0
18,1000,34424,2,6,0
42,1000,93844,0,9,0
60,1000,46984,1,6,0
57,1000,46505,3,4,0
59,1000,107478,4,11,0
42,1000,67699,3,15,0
56,1000,119012,4,20,0
52,1000,39758,0,17,0
20,500,141668,4,2,1
67,2000,21374,1,19,0
54,1000,123686,4,14,0
61,1000,8775,2,4,0
61,2000,32388,1,12,0
68,500,128800,0,18,0
47,2000,26029,1,11,0
55,2000,88981,2,22,0
51,1000,58639,0,20,0
29,2000,119010,3,4,0
36,2000,36105,2,5,0
54,1000,149740,0,6,0
61,1000,131519,4,9,0
66,1000,147429,1,15,0
34,1000,107739,0,7,0
27,2000,56796,1,8,0
74,2000,20804,4,3,0
72,500,132732,0,20,0
66,500,12951,3,20,0
64,2000,142521,2,7,1
29,500,24065,0,6,0
33,2000,106503,4,14,1
41,500,110072,0,20,0
36,1000,145202,1,2,1
25,500,94360,0,16,0
48,1000,67287,3,10,0
38,1000,142126,0,8,0
34,1000,112357,2,4,0
40,1000,34670,0,9,0
54,500,54112,1,14,0
71,2000,93388,0,13,0
33,1000,94156,3,3,0
23,500,52922,4,20,0
25,1000,98348,0,19,0
42,500,84335,0,1,0
35,500,31312,2,11,0
42,500,71985,3,0,0
29,2000,135744,4,23,0
32,500,105963,1,19,0
43,500,36551,0,4,0
58,2000,94813,4,5,0
62,2000,106025,1,23,0
43,500,129342,3,10,1
64,2000,14637,3,7,1
49,1000,48258,4,6,0
27,1000,145896,1,3,1
33,2000,134553,3,5,0
24,2000,31950,4,15,0
34,500,132870,3,19,0
40,2000,5215,3,14,0
43,500,110603,3,13,0
38,1000,16523,2,22,0
39,2000,73689,1,11,0
24,500,28834,4,11,0
31,500,39474,4,15,0
32,1000,48066,1,14,1
70,2000,15400,1,12,0
24,1000,130211,1,10,0
26,500,15345,1,16,0
68,500,38896,0,20,0
65,2000,33899,4,14,0
25,500,33229,0,13,1
67,2000,10583,3,9,0
40,1000,140969,3,11,0
46,2000,76537,4,15,0
35,2000,140639,3,14,0
48,500,79807,1,9,1
47,500,134648,0,3,1
69,2000,117652,1,22,0
56,500,149401,3,8,0
52,500,76792,0,20,0
35,500,136300,1,19,0
59,2000,42052,4,8,0
56,500,51032,1,20,0
34,2000,38686,3,23,1
31,500,81981,0,19,0
48,1000,103802,4,10,1
41,500,138881,0,10,0
52,500,47818,4,6,0
61,2000,105422,0,20,0
62,2000,76927,3,9,0
51,500,84465,4,3,0
20,1000,118221,2,4,0
54,500,42333,0,4,0
60,500,131457,0,10,0
57,1000,21576,1,8,0
43,2000,124875,4,15,1
72,500,44405,2,8,1
40,2000,99000,3,21,0
61,2000,36601,1,3,0
56,1000,72946,2,1,0
32,1000,57116,4,13,0
73,2000,109186,2,2,0
66,500,67894,0,17,0
21,2000,12465,0,20,0
46,500,61754,1,5,0
39,500,97850,4,10,0
42,1000,114765,4,20,0
30,500,97691,2,17,0
35,500,43871,1,11,1
50,2000,34511,4,4,0
33,1000,85960,0,8,0
62,500,70776,2,19,0
59,500,49462,3,17,0
61,1000,37574,0,18,1
19,2000,107072,1,2,0
72,1000,83282,4,8,0
52,1000,114779,0,3,1
59,500,23557,3,16,0
51,500,77104,3,16,0
47,2000,142152,1,22,0
72,500,149926,0,22,0
30,500,127013,2,1,1
30,1000,46081,0,8,1
35,500,140440,3,8,0
49,2000,124181,1,4,0
49,1000,32094,1,14,0
52,2000,71766,2,14,0
56,1000,88053,1,2,1
63,500,6301,1,18,0
69,1000,86463,1,2,0
46,1000,29466,1,5,0
66,500,31081,1,3,0
46,500,29354,3,23,0
70,2000,98297,0,12,0
61,2000,23300,4,12,0
74,500,69384,1,10,0
33,500,100027,4,4,0
73,500,126684,4,0,1
61,1000,65892,3,8,0
64,1000,40525,1,16,0
74,1000,11464,4,21,0
27,500,21562,1,0,0
47,2000,112392,2,2,1
42,500,60514,2,14,0
56,1000,118428,2,20,0
37,1000,117564,4,22,0
22,500,113047,2,9,0
18,500,37634,3,7,0
47,1000,5060,3,11,0
66,1000,14269,4,21,0
20,1000,28065,1,14,0
62,500,7895,0,8,0
31,1000,85859,1,23,0
73,1000,148424,1,9,0
47,2000,109127,1,19,0
67,500,101426,1,8,0
21,2000,16962,0,14,0
35,2000,38302,2,22,0
54,1000,90382,1,20,0
42,500,9011,3,20,0
65,1000,134716,4,0,1
18,500,24782,4,1,1
70,2000,125654,3,18,0
63,500,14196,1,13,0
32,1000,48459,0,7,0
26,1000,92245,2,5,0
32,1000,83863,4,11,0
66,500,128206,2,14,0
74,2000,106010,0,13,0
41,2000,37769,4,20,0
21,500,112529,2,0,1
29,1000,29700,0,10,0
54,2000,10269,2,2,0
54,1000,126631,1,18,0
60,500,48880,0,17,0
23,1000,119003,2,19,0
56,2000,144392,1,1,1
73,2000,54589,1,6,0
63,1000,40897,0,7,0
41,500,19380,3,18,0
28,1000,75934,4,21,0
30,500,60830,0,14,0
51,1000,10529,1,9,0
42,2000,99598,1,21,0
24,500,87987,0,0,1
69,500,54178,3,5,0
21,500,143009,4,12,0
25,2000,126952,2,13,0
37,1000,44886,0,2,0
46,2000,54699,4,10,0
71,500,81396,4,2,0
70,1000,95678,1,18,0
68,2000,30279,2,9,0
62,500,115776,0,14,0
63,500,106444,1,10,0
27,2000,111300,1,14,1
60,2000,118793,3,23,0
51,2000,121278,4,12,1
74,500,108247,0,4,0
43,2000,13997,0,3,0
58,500,111102,0,12,0
66,2000,90711,1,8,0
20,500,121045,3,16,0
73,500,45860,2,1,0
23,1000,8225,1,23,0
22,2000,115114,2,4,0
22,2000,118218,3,15,0
71,500,105764,4,6,0
64,500,112041,0,0,1
40,500,117224,2,11,0
66,1000,68656,1,20,0
26,1000,81290,2,10,0
52,500,61633,4,11,1
37,2000,31655,0,18,0
66,2000,126118,2,11,0
59,1000,8114,4,11,0
52,1000,31502,1,13,0
67,500,54768,3,1,0
35,2000,53128,1,1,0
34,500,88123,0,3,1
41,1000,113255,1,19,0
20,2000,8174,1,22,0
49,2000,122769,1,15,0
52,1000,40398,1,9,0
55,500,140393,0,12,1
30,500,128549,4,1,1
73,2000,77635,2,2,0
64,1000,28760,3,18,0
42,2000,147432,2,5,0
26,1000,146385,2,18,0
21,500,135674,3,20,0
31,1000,141873,0,19,0
54,500,19130,3,18,0
51,1000,112215,0,7,0
28,2000,93095,2,13,0
58,500,65942,0,9,0
73,2000,148933,4,2,1
20,2000,103970,3,5,0
45,500,87203,4,14,0
46,500,93177,2,22,0
26,2000,77902,3,22,0
20,2000,97172,2,17,0
42,2000,25056,4,13,0
51,2000,143454,2,18,0
29,500,60739,3,9,1
59,500,86685,3,14,0
26,2000,53639,2,3,0
32,1000,5992,3,22,0
57,1000,77394,3,1,0
42,500,72657,2,2,0
22,2000,32160,4,6,0
28,2000,50156,3,22,0
51,500,91442,3,15,0
41,1000,122925,3,9,1
32,1000,9136,3,18,0
55,1000,66868,2,16,0
25,500,87263,4,18,0
22,1000,37167,4,4,0
65,500,115957,0,22,0
43,500,20479,3,19,0
35,2000,124392,3,12,1
23,1000,140895,0,12,0
54,500,24585,4,10,0
65,1000,31619,1,10,1
30,1000,80069,1,15,0
45,2000,44895,4,14,1
22,1000,8720,3,16,0
30,2000,24267,1,21,1
34,500,58364,2,17,0
67,1000,56567,2,18,0
57,500,96229,0,3,1
62,1000,83518,4,21,0
49,500,87844,4,21,0
46,1000,95697,1,22,0
68,1000,62196,3,4,0
20,1000,120600,4,6,0
73,1000,105625,1,1,0
57,1000,136567,1,0,1
51,1000,49755,4,11,0
57,1000,38324,1,9,0
44,1000,83929,0,7,0
30,1000,137624,0,0,1
62,500,56272,4,11,0
50,2000,79462,3,1,1
23,1000,59675,0,9,0
41,2000,78591,0,21,0
36,1000,37363,4,16,1
33,1000,82004,2,2,0
57,500,45718,1,6,0
45,500,118627,0,11,0
50,2000,31870,2,7,1
65,500,42394,3,19,0
58,500,57057,2,11,0
30,2000,84795,4,2,0
60,500,85409,3,16,0
62,1000,18016,3,8,0
42,2000,47137,2,9,0
70,2000,136225,4,21,0
59,1000,143925,0,5,0
53,500,17379,2,0,0
44,2000,126169,0,21,0
55,2000,131082,2,11,0
24,1000,118089,0,4,1
22,1000,16049,2,12,0
60,500,136858,3,14,0
62,2000,127784,1,21,1
74,500,52691,3,10,0
68,500,62986,0,7,0
48,1000,99774,4,4,0
40,2000,110315,3,1,1
59,2000,62204,1,11,0
27,2000,25085,0,1,0
49,1000,38980,3,15,0
60,1000,61117,2,20,0
70,1000,145416,4,2,1
47,1000,20896,0,9,0
56,1000,94353,3,18,0
48,2000,34813,0,7,0
35,500,70679,2,6,0
53,2000,146753,1,0,1
19,500,8228,3,11,0
31,1000,140654,0,4,0
30,500,16397,0,15,0
46,2000,42011,0,3,0
29,2000,84183,1,16,0
56,500,98254,0,23,0
19,1000,47317,4,20,0
49,1000,107489,4,1,0
30,2000,45096,0,11,1
63,500,58785,4,0,0
44,1000,57344,3,11,0
66,1000,125382,4,11,0
58,2000,115489,0,11,0
34,1000,16549,2,18,0
57,500,30739,3,16,1
48,2000,26209,1,19,0
51,2000,112051,0,23,0
41,500,20116,1,23,0
62,2000,25045,2,10,1
52,1000,40709,1,12,0
65,1000,48617,0,7,0
23,500,124779,0,9,0
36,1000,47919,2,7,0
47,500,88521,0,19,0
24,500,11447,2,7,0
27,1000,10499,2,8,0
58,500,44041,0,6,0
49,1000,36315,4,13,1
51,2000,137371,2,1,1
45,2000,125506,0,10,0
32,500,141066,4,7,0
47,1000,143561,2,12,0
54,1000,96647,4,20,0
46,2000,37355,3,14,0
39,2000,78805,3,2,0
21,1000,73367,4,22,0
37,500,114906,2,13,0
49,2000,122409,0,14,0
53,500,82355,1,1,0
67,500,121220,0,18,0
21,2000,92173,1,11,0
44,500,6996,1,19,0
34,500,49387,2,3,0
29,1000,8089,4,2,0
39,500,103827,0,4,1
34,1000,25659,4,2,0
27,2000,50178,3,14,0
71,2000,100965,2,18,0
18,1000,86268,2,1,0
39,2000,90042,3,11,0
43,500,111471,0,4,0
73,500,75111,3,21,0
35,500,105435,0,16,0
67,2000,94242,1,13,0
31,500,118204,2,21,0
64,2000,22199,0,9,0
46,500,65038,4,2,0
29,1000,62786,4,3,0
53,2000,114636,2,5,0
52,2000,54294,3,23,0
69,500,148737,3,21,0
29,2000,5534,0,15,0
24,2000,96828,3,6,0
46,1000,41132,2,14,0
28,1000,120720,0,20,0
50,500,41110,1,19,1
23,1000,68580,3,10,0
64,500,69016,3,21,1
32,500,51233,0,20,0
49,500,134863,4,0,1
68,2000,111311,3,4,0
28,1000,39409,2,12,0
40,500,144810,3,20,0
43,1000,29054,1,13,0
51,500,34709,3,8,0
63,1000,114321,4,16,0
51,1000,5363,3,14,0
46,500,15358,0,20,0
21,2000,139312,3,6,0
34,1000,50689,4,21,0
52,2000,6936,0,21,0
30,2000,117272,2,11,0
58,500,96074,0,22,0
56,500,5882,1,5,0
32,500,110227,0,20,1
72,1000,130865,2,15,0
46,500,128745,3,4,0
46,500,33885,0,8,0
28,1000,139275,0,13,0
69,1000,138316,0,7,0
49,500,103322,0,13,0
19,500,73619,2,11,0
64,500,26584,4,9,0
31,500,13521,4,19,0
37,2000,38541,0,19,0
39,2000,34063,2,20,0
28,500,75268,2,12,0
44,2000,131218,0,18,0
20,1000,123206,1,14,0
34,2000,138639,0,7,0
61,2000,137746,1,22,1
73,500,81411,0,20,0
45,2000,114876,1,9,1
46,2000,145399,1,2,1
38,2000,28331,0,20,0
64,2000,28004,1,2,1
33,1000,124243,3,4,0
54,500,146564,4,15,0
37,500,149821,2,16,0
23,1000,68217,1,5,1
36,2000,94044,1,19,0
74,1000,14045,2,19,0
22,2000,25116,1,15,0
20,1000,23667,2,23,1
18,500,80057,0,1,0
55,500,79205,3,19,0
32,500,32302,3,14,0
51,2000,147355,4,17,0
52,2000,77534,1,0,0
66,1000,18440,4,18,0
42,1000,116001,0,11,0
41,500,51501,3,7,0
29,2000,137341,0,5,0
35,1000,12868,0,11,0
32,2000,82909,1,6,0
61,2000,89523,0,17,0
33,500,20734,3,21,0
44,500,88600,4,13,1
25,2000,13433,3,7,0
63,2000,145183,1,23,0
42,2000,108986,3,19,0
34,2000,68753,2,21,0
46,500,118783,4,13,1
70,1000,26751,2,4,1
25,500,53570,2,8,0
32,1000,29503,1,7,0
44,2000,138851,0,1,1
63,1000,91840,2,15,0
67,500,136827,3,12,0
69,500,44263,0,6,0
24,2000,113491,3,15,0
20,500,60087,3,6,0
46,2000,56482,0,13,0
61,500,127989,0,13,0
70,500,45115,3,11,0
41,2000,19249,1,0,0
20,1000,115361,4,0,1
37,500,29600,4,11,0
63,1000,42706,1,19,0
32,500,24222,0,20,0
42,500,104041,3,14,0
47,500,109504,4,3,1
31,500,46139,3,6,0
24,1000,119919,1,15,0
34,1000,46302,3,2,0
61,500,92838,1,6,1
37,500,144718,0,23,0
53,1000,149615,1,21,0
26,2000,83353,1,5,0
55,2000,93992,4,15,0
65,1000,56428,3,23,0
74,500,28777,4,7,0
39,500,62939,2,22,0
71,2000,91450,1,21,0
70,2000,28548,2,5,0
70,1000,130549,4,9,0
19,2000,142799,3,15,0
41,1000,36625,4,10,0
25,2000,29918,3,12,0
28,2000,119826,3,5,0
30,2000,119881,0,23,0
34,500,20577,1,0,0
25,500,90155,4,20,0
38,500,116776,3,18,0
35,2000,104246,4,11,0
47,1000,147226,4,23,0
35,1000,99948,3,5,0
63,1000,26341,2,17,0
64,1000,102554,1,12,0
48,500,112798,1,6,0
55,500,51330,0,22,1
49,2000,92759,0,12,1
28,2000,91807,0,20,0
62,1000,38313,1,7,1
42,500,51900,2,20,0
50,1000,83840,1,16,0
55,2000,91072,1,8,1
58,2000,101367,1,19,0
25,1000,54156,1,12,0
28,2000,92453,2,1,0
39,1000,30938,0,3,0
68,500,64164,4,1,0
41,1000,65282,0,3,0
58,500,52801,0,17,1
34,500,145537,4,4,0
29,2000,8326,1,18,0
74,2000,139731,2,9,1
63,2000,120819,2,17,0
49,1000,9763,0,20,0
32,1000,146900,4,9,0
33,2000,52588,3,4,0
71,1000,16221,1,16,0
39,2000,147283,0,21,0
45,1000,18569,2,12,0
37,500,42860,4,22,0
50,500,50337,4,16,0
27,2000,149587,0,8,0
57,1000,76695,3,23,0
49,1000,111749,2,11,0
67,500,48790,0,13,0
50,500,73580,3,13,1
19,2000,10636,4,7,0
50,500,82129,1,22,0
50,2000,138964,2,4,0
58,500,26672,2,18,1
30,500,10812,3,13,0
47,1000,5654,0,8,0
50,500,59633,4,6,0
30,500,22143,3,7,0
69,2000,60934,1,13,0
43,500,72334,1,21,0
39,2000,108463,1,13,0
56,500,130851,3,10,0
19,500,34087,4,13,0
55,2000,147690,2,20,0
56,1000,13446,0,7,0
43,2000,107127,2,2,0
63,2000,53867,4,22,0
67,2000,65101,2,17,0
32,1000,93074,3,2,0
51,500,123422,1,12,0
59,2000,92892,4,11,0
72,2000,125044,4,14,0
61,1000,44148,2,17,0
66,2000,87928,3,4,1
57,500,56660,2,6,0
28,1000,40450,2,10,0
20,500,38757,4,10,0
23,500,83012,2,14,0
26,1000,111750,1,9,0
23,2000,132043,2,14,0
26,500,61116,1,12,1
56,500,149233,4,13,1
48,500,37152,3,16,0
49,500,111379,1,12,0
58,1000,25836,3,9,0
67,1000,146835,3,0,1
29,500,74444,1,0,1
25,2000,98109,4,14,0
25,500,148029,0,15,0
67,2000,140451,3,11,0
45,500,87018,3,23,0
37,2000,128076,4,5,1
64,500,136949,4,5,0
24,2000,88788,2,11,0
28,500,101870,4,14,0
37,500,88308,3,3,0
33,2000,62913,1,23,0
21,1000,7637,0,3,0
23,2000,47025,2,1,0
39,1000,104508,1,23,1
43,500,87464,0,11,0
20,2000,33742,0,6,0
58,2000,16831,0,19,0
59,2000,118768,1,8,0
31,1000,90092,2,8,0
28,1000,95879,2,7,0
35,500,93370,0,13,0
71,1000,131537,1,0,1
29,1000,109824,0,22,0
40,500,93741,4,20,0
29,2000,23830,2,22,0
30,2000,60044,3,11,0
42,500,78948,0,1,1
62,2000,74202,4,12,1
68,1000,42045,2,3,0
36,500,112509,1,19,0
72,500,20198,2,17,0
63,500,74521,1,18,0
53,2000,111471,1,15,0
62,500,34475,0,13,0
25,500,24403,0,7,0
46,500,8681,2,11,0
72,2000,96555,4,8,0
70,1000,123884,2,5,0
72,500,98122,3,17,1
49,1000,120260,1,1,1
68,2000,110386,1,22,0
61,2000,141701,0,7,0
35,2000,98246,4,23,0
23,2000,100864,0,13,0
35,1000,13417,3,5,0
36,500,123888,2,9,0
39,2000,79499,2,7,0
54,2000,135908,4,16,0
49,1000,32675,0,11,1
73,1000,16332,0,16,0
58,2000,24177,3,12,1
20,500,135560,2,18,1
45,500,62104,0,11,0
27,2000,89335,4,15,0
68,1000,119938,2,4,0
52,2000,85730,3,15,1
46,2000,141023,4,5,0
71,1000,33333,1,10,0
32,2000,26673,3,16,0
50,2000,119421,4,22,0
24,2000,45870,0,13,0
29,1000,132536,1,5,0
66,500,76101,3,22,0
47,500,27821,0,10,0
38,1000,30494,1,11,0
48,500,104477,2,12,0
41,2000,131083,0,3,1
37,500,117698,4,6,0
54,2000,116560,3,1,1
21,500,136907,1,5,1
45,1000,23646,0,5,0
61,500,128777,2,17,0
37,500,82360,3,19,0
41,500,42335,3,7,0
67,1000,74351,0,7,0
66,500,119934,2,7,0
68,1000,138501,1,7,0
49,2000,46950,0,0,0
58,500,65654,1,1,0
53,1000,112422,3,11,0
70,1000,114934,1,14,0
51,500,124975,2,3,1
53,2000,96186,4,2,0
19,1000,109234,2,13,1
32,500,107326,1,21,0
51,2000,82527,0,22,0
53,1000,91704,3,7,0
23,1000,101952,4,12,0
56,2000,65782,0,22,0
59,2000,76116,0,18,0
68,500,94626,2,21,0
68,500,51015,1,4,0
71,1000,107877,2,12,0
29,2000,20339,1,19,0
20,2000,139563,2,0,1
62,2000,136778,0,15,0
35,1000,102493,3,22,0
57,2000,143069,1,23,1
38,2000,134526,4,1,1
32,1000,126648,4,6,0
50,500,30163,0,5,0
52,500,92508,2,4,0
43,1000,44619,2,3,0
25,2000,17126,0,1,1
53,1000,69926,4,9,0
65,500,45633,4,21,0
47,500,8317,2,4,0
40,1000,49980,1,17,0
59,1000,49115,3,9,0
61,500,48158,1,22,0
31,1000,110364,4,21,0
31,500,20504,1,14,0
19,1000,42196,3,8,0
72,1000,70938,1,10,1
54,1000,144677,1,20,0
22,500,62388,1,16,0
55,1000,60501,1,20,0
62,500,32043,0,8,0
58,500,38635,4,22,1
71,1000,85691,3,15,1
64,1000,38132,4,5,0
31,500,20366,0,21,0
73,500,98944,0,10,0
56,2000,120267,0,22,0
42,500,44236,0,16,0
37,2000,9150,1,3,0
19,2000,116369,4,14,0
56,2000,24423,2,0,1
23,1000,9137,3,21,0
34,1000,34992,0,19,0
42,500,115540,4,0,1
74,2000,120140,0,8,0
45,1000,126225,0,11,0
19,1000,71917,0,3,0
52,1000,78690,0,21,0
54,1000,39235,0,12,1
22,1000,24122,3,6,0
18,2000,28956,4,7,0
57,2000,68879,0,12,0
29,2000,63560,0,10,1
73,2000,115310,0,8,0
53,500,6168,0,23,0
62,2000,50124,1,15,0
40,1000,57797,1,9,0
64,2000,40294,2,10,0
48,500,8516,0,11,0
28,1000,35373,2,13,0
27,2000,127026,3,18,0
20,2000,35270,2,11,0
71,2000,146458,4,17,0
31,1000,70184,1,20,0
33,1000,42879,1,16,0
27,500,54597,0,2,0
46,1000,8626,0,0,1
27,1000,90936,3,18,0
29,2000,86515,3,3,0
47,1000,60390,4,22,0
58,2000,59144,0,15,0
18,2000,149454,0,11,0
22,1000,9025,3,20,0
37,500,84380,3,20,0
25,500,123910,3,12,0
60,1000,101055,1,16,0
29,500,131189,2,7,0
18,2000,139515,2,12,0
74,2000,26395,0,19,0
71,1000,15725,1,4,0
37,500,38461,3,17,0
45,500,46115,0,14,0
74,2000,115084,1,11,0
60,1000,88732,4,16,0
54,500,84557,1,14,1
64,1000,76260,0,1,0
54,500,6407,2,5,0
29,2000,78568,3,16,0
54,2000,63560,4,15,0
66,1000,96288,1,16,0
66,2000,124020,0,19,0
73,500,104301,0,8,0
61,2000,19390,3,4,0
73,1000,32307,0,22,1
45,1000,29502,0,0,0
64,1000,27486,3,5,1
32,500,116813,4,23,0
23,500,108920,2,13,0
61,500,87768,2,16,0
37,500,146820,1,18,0
67,500,67785,4,0,1
31,2000,81050,1,0,0
19,500,27738,2,12,0
26,500,79231,3,13,0
54,2000,78606,0,5,0
37,500,46662,2,5,0
43,1000,123313,4,0,1
46,500,20123,2,13,0
18,500,16182,4,2,0
72,1000,95369,4,22,0
52,1000,31128,4,9,0
23,1000,36556,1,18,0
54,1000,145021,3,18,0
70,500,56962,2,18,0
22,1000,95054,3,22,0
50,1000,29099,0,3,0
66,2000,148788,2,19,0
68,1000,58144,3,18,0
